folder,screen_name
avax,CarlsbadDodger
,axjus
,PaulNewell4
,Julio30438798
,G_ozzy
,FocusManAllDay1
,debspe
,TravelLogPak
,hiltonholloway
,jsette60
,realkellerwade
,davidgerard
,hu_YUZHNOYE
,tmbrown327
,nekoyasumi_club
,jinjinhnka
,kamiyubiataka
,RoyalNefertari
,NNorma192
,jotaefe2805
,_udontknowmexx
,SonyaSmith
,JulieYAli
,jneill
,RobbinMilne
,shero4hire
,xoxa32
,StewbieDoobyDo
,chikausas
,jcjax13
,NaturalSci
,ali_senkblei
,marylouisemcgi7
,sentinel2107
,05Chandan
,zicbar56
,JulesUSA6
,AbhimanyuSilwal
,elijahyab
,MarkSharon_DP
,LaReyneDEpee
,skoushik351
,HalpertSwanson
,tlfmgator00
,namidacchi25
,CatherinePiech2
,lenababou
,Ma_LoJ
,AristedesDuVal
,VerticalLion
,newsdrove
,MedicoAlmayCuer
,RobertoOshiro
,VancliffDesign
,Optimiste_sans
,AllanCalvin16
,ThingsYouNeed2K
,RachelBrought14
,SuzietheLip
,SusanWoolnough
,GinaHollin
,DrBruceScott
,tiller_stephen
,rk70534
,rlcook2219
,chrishunt77
,DirtRockr
,fly_girl7
,LMJCsTT
,jakavanindo
,SunshineOMS1900
,MatriarchOMany
,Dean90705847
,susan_raciti
,FeeRedfern
,JUDEXJUDEXXX
,PearlsStarz
,mcgeary_michael
,Bob_Loblaw1970
,ArcaneKnowledge
,Antchan8
,itslitiantrevor
,Convertuoso
,sohailqsyed
,PinkwvPink
,szwest1
,elise_flowers
,6thsensemoment
,mm_david80920
,mauhome7
,sjp_ntl
,picopicoNoRcep
,FKraats
,2020Smiles
,MyxaZZ
,tinakeveryday1
,esther241101
,KeepingitTrump
,AmacAllahRizasi
,SneekieP
,platospupil
,Hennie94049187
,npcv3110
,scotinstowe
,Louangie
,stevenandre1967
,mstfffffffff
,GrosUsai
,NldTmv
,smooth19661
,Vampire__knyte
,marcanoserrano
,LSW12612672511
,AwakeNowReady
,aseip1
,SaveTheseDogs
,ApprtionMission
,Kicius_The_Cat
,konro62168341
,MistyFishWeave
,AerialBolero
,GodfreydeSain
,Cagsil
,henjenca
,RobbersonJon
,p_hannington
,SototG
,korimaru0206
,lagioconda_mora
,lstorey94_lisa
,Linda36758099
,britektire
,bocajoes
,meer_irma
,JAHmausili
,Jennie_Nat
,Lilyanne381
,finalride9277
,yachatsnspirits
,Christo82406026
,heaneyp
,Pedralve
,3015nyac
,ambre_015
,tanabe_yasu
,FRA55
,JacquelineWxxx
,psarmmiey
,maybeawriter
,NemuSasisu
,GlobalEcho_
,Yankeesforever4
,nircord
,louisuitholland
,ServusPecum
,AdamRizkInc
,RavENAgE2020
,MZEXO
,SciencePharmer
,Marianellacapr1
,Alchemist900
,SukranKrmn
,TOPOLANTIYISO
,imcorvette64
,KimberleyBfree
,peterre76976220
,YonSolitary
,AriuniVA
,novaccineforme
,USA1Mom
,amafera
,ZacarHseyin
,Lori20052008
,peter_deighan
,PeterTownsend2
,DustSpri
,basslouix
,YeliJahRise
,MzomuhleNtshan5
,Sparkydoggo
,LoveFlowercita
,AngelaDeAngelo
,IrelandAwake1
,MKingscott
,thereal_truther
,i_M_wat_i_am
,wible1
,Chiroru_ne
,tony80554056
,CarloNewhouse
,anahernandez230
,SpookyJay36
,MegaMandy1018
,Granval04
,mavikartal19
,APHClarkson
,Victoria59L
,KarbofosnyjDyh
,WORandthatD
,Hlinde63
,55DoxMom
,545510
,DigitalPatriot0
,kreativekonnect
,dufailly1
,wNS5R7vUPbxFPEX
,Dil_Aawara
,14nacar1414
,ThomasVitins
,jolynn_rice
,avonb68
,clyons317
,Naceraterrienne
,steph2monaco
,NTwomeynoel
,Cami68932713
,MSpadine
,grjenkin
,AMITA0744
,slah9695
,Itukanarondanee
,ErrolStock
,trickyd90556041
,SrtaAlexxa
,fbag_mag
,ckyys
,crissha2016
,Kenny180Kenny
,dajwilson
,LisaMar91564392
,Dom175289678
,DelphinePalmow1
,4reldill
,PatPenn2
,abdulmateen1979
,HomeDabrave
,gaizdajoon1
,jmaxxd1
,asphak_786
,rain_send
,DrFerdowsi
,ArtAHammer
,DrKassandraPari
,Bobby6740
,ana_pinson
,REWalker6
,bondyreva66
,mybiznpolitics
,TruthExposer010
,skwisch
,leonlaje
,HIGHMENNATTER
,franzyroy
,TorquetJ
,Scottishnotbrit
,alfagamabetizad
,Verovelasco
,gorvener03
,nwrmbing
,polit2k
,sorosokebot
,fotobus
,searcher9090
,thetruth9999999
,greatagain70
,Nora0316
,mjansen22598292
,Aliveritas1
,outspokenolivia
,JeffKepele
,sitycent
,chasna50
,EmperorBlargus
,robert_suchy
,languillem
,chicchan
,Sir_lifestyle
,annafbeswick
,Jennife11439803
,littlorangefish
,vicgil53
,Cloudnician
,minnesota_jen
,lip4nit
,yamladewana
,_RestoreProject
,Christi75367510
,Kassandra_1909
,Johnny_Brexit
,IFilonczuk
,WeeFatShug
,MamolkcsMamol
,TYKZaDVxZWTxaOt
,TRHargrave
,VivianM61425009
,WadeScroggi
,ChiliMosquito
,CarronMrs
,nais1998
,enddebtslavery1
,TheLastAtom
,Ark_of_Info_2
,MelodyMac51
,CJJohns59301573
,nomoreslaves
,jrbkjrbk
,pjwoodside
,Gabriela_gajo
,Krekelstein
,StopPlaasmoorde
,cejoaquina
,Revoltin_Morgan
,Roger_Smith_911
,_Jolkaigolka
,GuineeTags
,Grap_1
,Enopoletus
,JeanetteSchmitt
,BHanlay
,Dusty186
,EasyTraceGroup
,Rehman1198
,ChrisLancashir3
,GrassrootsDNC
,stunnatiff
,christsport
,tevet
,9soro
,Fleetblue
,thedoveness
,justine01848685
,kausikdatta22
,Loulan_777
,segajennesiss
,VI_XII
,alice_v1109
,js100js100
,Julija9Julija
,julie07217
,SBJDFW
,Moosefucker
,Henry02486291
,SurkovAndrey
,NorthOfAtlanta1
,macca1969uk
,ReenyNY
,BoboJarvis
,PakistanIsNoor
,KarenKanadian
,SALTGERL
,Angels1stWings
,Ringham7
,generativist
,PerthshireMags
,poa_karlsson
,Jasperlope
,DonJuan5800
,LilostartupLilo
,saraart4
,NevesJuvenil
,zootymanda
,NGameos
,nisflores
,ClwtrBkAtty
,74oldgal
,DAYLEE
,nlygo
,MEHMETYARICI1
,MakaNelli305
,toddfoxauthor
,TujyeKunywa
,belgestousegaux
,elenice_mano
,apoxalyps1
,migarubia
,SweetCookiesme
,KPDAD72
,PlepsART
,eshiet81
,nooil4pacifists
,PTzepKHdksuJ59G
,techgolf44
,collectiveUV
,leighgt
,NurOzkan35
,SpectralRoar
,sforklr
,KingdomKobe
,SmithTarquin
,AnthonyLarme
,Danuta65Danuta
,PuaMeliaClinic
,IMchaffie
,susanlee52
,SyairRevolusi
,Justis4u2
,SelaStarr
,Rotterdam_anon
,Kings_seek_her
,martinubedizzy
,squawkying
,WarOnHumanity20
,jimmcmahon3
,gardgoldsmith
,Gnomes4Trump
,Lowcountry6SC
,NYROYALKING
,Boiarski
,cemgildogan
,202clau2
,piyococcochan2
,Lexicon97457966
,Beheeve
,manngakaki
,heraldscotland
,Deeteckz
,ZZsheyn
,spagetyuse
,PaulbernalUK
,cristian100
,Telegraph
,etedalessa
,jfrankcarr
,OliverC85515150
,SynphZ
,KELLYCLELLAND1
,Lyno45
,NRafter
,AhyattocameNamo
,slimefin
,Anarchohoodism
,ABCBTom
,MommyUnit
,AeHcat
,June19894168
,BarbaraGoggin4
,BobRebelles
,BamaReb56
,Cletus1942
,ALBAMENDOZAPAR1
,anico_derek
,danichel60
,MichaelBuerger8
,Loreign83
,Demo2020cracy
,lothar214782
,kuwait_tt1100
,Gentlements
,KevRolfe
,Caron09816650
,rutheputh
,LitvakSteve
,judy727z
,BmsMatrix
,EntelechyInc
,BullsBlockchain
,CTValleyPatriot
,jeblake7
,GGretchenmobley
,PhilDeCarolis
,Sofietvarno
,cannoneerfour
,_Grand_Wazoo_
,LewtonSerena5
,HumphreyPT
,lynette67746779
,arizonageri
,Francolinie
,TakmeelPAkistan
,LoriIllia
,NigeriaState
,marionste
,mhanifus
,darthburty
,robert0461
,johnbramundo
,AmericanWow2017
,FreeUs551
,DuncanHenry78
,ssr57
,LloydCosby
,anbealach
,kadturay
,timbofive
,sales_amaral
,maggi6164
,Imran25645287
,perimsi_sahika
,YarlYOMSBORG
,shiroi_suna_
,MrIndianAtheist
,mrtom101
,torpartjejen1
,Larisa74744859
,Sandrivaliente
,13tucha
,dexerylette
,PrrpleGrl
,opalessense
,Tweeta1970
provax,Adriana1o5
,stevedemaio
,scientist_pop
,B0tSci
,BotForEquality
,marilynpeake
,ProSyn
,JackKaj3
,randomcaroline
,seanmmcbride
,marcody8
,DIGITALDECODED1
,rozanik56
,COVID19TestsNow
,alefolgarait
,ScotlandYardCSI
,RonInCMH
,schraderwest
,CarlosDPonciano
,scrimmins53
,snitstwits
,Brizzy10193246
,ResolveTSL
,dhavidearuliah
,rift147
,dfreedman7
,Camns1
,WeaselsOf
,AlanJCard
,LcsNusbaum
,IDstewardship
,Justice30
,ChristoPhraser
,chandra_gego
,shelleyjlenz
,JuanitaIguana1
,ML_Tweet_Bot
,prutter_pat
,StevenBenso
,VilhenaSant
,Shashwat014
,OBrien_Kat
,DanielA12021444
,bearzig
,RandomSusla
,ScottGottliebMD
,LauraFlowersE
,PetersonDouglas
,unddubistschuld
,FShnerb
,AndrewCFrancis
,bridgetwolves
,impd48
,georgialove0916
,avhrskmp
,joyclee
,DLHDara
,routeofthesun
,Gailhansendvm
,matkinson956
,RobAdamsFL
,_Z__
,MEISU98037829
,david_colquhoun
,DoubleEagle49
,LouisBrignet
,SuetLee4
,nwseal11
,krissymom2
,KaySch53
,DavidPenington2
,bluedillygal
,susieclapton
,brianhill_53703
,JoanJett0202
,cardiobrief
,LovingVolTrav
,tryinghard1234
,FishyOne5
,crosscutanne
,krutesoup
,segmentis
,amouretbisous
,Pedra999
,imthemadridista
,AndreDolder
,kellyfirehorse
,mediapolitic
,TelehealthBot
,Miyagi37
,acgt01
,TiGGyZTweetZ
,EricKratz2
,samiamsamh
,tracyreynolds_g
,Asassybella
,thejoedoe1
,Harkaway
,divaRuthIe
,PATHtweets
,platzker
,scottevanjenk
,TheKeeper2016
,Jeremy13605986
,IrishScripter
,jerrymichalski
,ghia1212
,shrill_falsetto
,tizzywoman
,MarysLe1
,BeverlyPilot
,derrelldurrett
,DervishWaking
,ThurlowRoad
,lb_bklyn
,plathelibrarian
,sunbleachedsky
,Bubbiespics
,AliAlsayer
,docfreeride
,MamaShoooo
,Joeyus
,mk_vs04
,patti_foss
,Ihavenousefora1
,mtanichthys
,HilarieAshton
,AvaYodaDinosaur
,PsychosisFuzz
,ArTallks
,ayee_jane
,usagiko
,lynn180_lynn
,990000
,freelancer1a2b
,cayost1
,AJDMaru
,toknell
,Seanchai313
,fubardaddy
,Penny_G
,BernieUpstateNY
,jbryan522
,darrenabrown
,capalutwit
,luciaruggiero
,IvanZupic
,BasiaSosnowska
,CovidAnalyst
,CayoCornelio
,rizkipradipta
,TJA4Michigan
,takingaction4us
,AndRChelsea
,CopyOfOne
,sarahc_clayton
,volxfahradler
,HafaRamon
,brendaoncats
,17ShortFuse
,adilbhatti_
,DrCSWilliam
,Delilah399
,KwekuOA
,gesb2
,centristsFTW
,KimBru49
,StockMarcoCosta
,sydneypadua
,hoy2_hoy
,IMoanalotHutchy
,edrybicki
,a_peterman
,lesliebrody
,Lindata44412835
,MeloniaSherban
,KCYatsko
,Grownmangrumble
,earthling2000s
,hopefulcritic
,wsu_danielle
,Rob_Bee_Gee
,woan
,Jamesmarroquin
,MickBrooks666
,ProfEmilyOster
,MayoClinicKids
,Imagirlee
,annie_hulala
,fred_mg
,AthaleLab
,CDavisAllenIII
,antoniodiasri
,john196201
,newtownlos
,Kristy91808800
,keepark
,olfashdeb
,joframsa
,GPollowitz
,LuisPabloAngel
,Schuckscience
,RayFinkle9911
,natashaloder
,donna_lenarz
,DanMunro
,spencersbrook
,FoucPerotin
,BBWriterCRD
,bukambu_france
,MyTwinMN
,fpallegra
,FreddyRoo2
,myfriendLiz
,sallyray5
,AnisabelBento
,WilsonO36040576
,crowfreak
,Thalassatx
,DrSueGross
,daveunger3
,michaelghead
,shellneal2501
,randsco
,robgo84
,taalluq
,ASP_MirandaS
,RealJewNews
,killeen_gerry
,hentairules
,Elischico
,SciTechAfrica
,pecanyasmin
,InfamousResists
,mirdeb
,GrammiePammie14
,ottawatts
,helena_gd
,CBLevinePhD
,fredwalton216
,dgermain21
,AnitaMEndeman
,Marco_Piani
,MarcusPun
,JimmyRiveraNYC
,finneyeric
,AnnSmit45836518
,rdwrt
,4589roger
,ciro
,luizacaires3
,SciencePartisan
,melb4886
,raven66612
,NancyKellyMart1
,tweetjoshtweet
,BellaDawn01527
,tortiegertie
,Sonja6272
,Giselabord
,julimsw_juli
,Nori_NYC
,GHS
,off2wine
,ImpeachBDevos
,ProfSomashekhar
,paravani_g
,NiggaTheory
,sotnasoinotna
,lizbon
,fitz_arc
,MKSafdar
,DeenaGarzik
,Golden_Seagul
,itswensss
,Ja1537Eddie
,Lesliecnelson
,segol60
,TinaKendrick01
,RyanErlewine
,badpiratemonkey
,operasingerBB
,DSTCPRIISc
,Cormac_Sheridan
,israelinsider
,ScienceisGlobal
,FinkyBee
,gooochin
,louisa_faux
,ZacharyBrennan
,DNDi
,agargmd
,OddballPaladin
,Lucy_wo_Diamond
,shahana_smith
,HabBradley
,BT_Cozer
,DrLindaDykes
,parknfly07
,zephyr9673
,islandlife2014
,andytoronto
,RiskAlert
,BurnsieAnn
,ErikJonker
,MacleodJust
,drtwillett
,NatashaPolitics
,sportsuzie1974
,mackaracka
,eguellp
,readycat
,AgnesAyton
,mbzhad
,robert_veres
,Busza_
,catherinebuca
,davimedinTwits
,drdanchoi
,ThomasAtcheson
,Adriahanitta
,eita_kakehashi
,DaveOnFidalgo
,Fr4nc3
,spike_sr71
,Seggitorial
,Qweere
,9six7
,sheila89062698
,Tooda
,JonathanDune
,ndgree
,xf_grely
,rajvarshney
,MichealYi8
,eperakslis
,DrAdaora
,MarenHofstad
,Anakanale
,MarcelHarmon1
,MFenderesky
,SAIRABT
,greenwichwriter
,longgonesam
,BitaScicomm
,EvelynS51868235
,ChannelingLlama
,PILOTforPULM
,DuseLu
,HOUmanitarian
,stephen_abbott
,Srk1951mn
,boehninglab
,drpaolandmd
,SueM21731182
,anshulkundaje
,wallisweaver
,macroliter
,trentyarwood
,TracyLou3
,JuliaChidley
,akirenaleri
,Urbanartist2
,jlane_boston
,FatalPolitics
,tesla4the
,Skittles_Is6
,ProgGrrl
,gavi
,6f6e5ba6bdc34ae
,seawiz2
,maudlynei
,karla_handley
,thsaey
,jcmpPernu
,joaolukasc
,TheFallingStar
,Kellblog
,GarciaMorenoCla
,infoambiental
,art_iculate
,pjie2
,kelene_k
,keetmom5
,sageness77
,ScottLeMagicien
,annie04522986
,takemusu
,JoyAgnost
,randybrucemoney
,JimRosenz
,pittbaster
,NollyMowels
,mbohl07
,bethlevin
,Peliteiro
,Dave01053058
,LeayLuke
,sagetwitting
,huskerlive
,MichelleZenner
,fengmanlou11
,DeeJargon
,Rosagath
,027queen
,MaxFromQuebec
,calmarten
,phunphunphun
,seriousdoctor
,GanjasmokerCb
,jane__eden
,davidpaulspeak
,4DAConsultancy
,Marisazayas1
,AlvearSusana
,wallyboo99
,JulieLKenward
,BioProfBarker
,TakeWeightOffMD
,mdt4129
,maleve
,Hennype85026470
,RolandBakerIII
,Jul101Vie
,Di_ACM_Astro
,CitiBE
,DeniseEngle7
,mabian
,stephaniekays
,luyibov
,TinResistAgain
,maestrasjd
,VictoriaAnnKei
,NIH_NCCIH
,OliviaRosa_
,ArthurZork
,what_speed
,snowflake_not
,tigerbeat
,PoliReliSport
,JonathanLSeagul
,scibib
,KiPoiNeau
,Rng314
,LJLMD
,BobC7000
,PropCazhPM
,JDawsonTweets
,MaryLandrigan
,SMHred
,terry_guta
,MLallai
,RalA19774067
,MutantPrime
,marc_cart
,Donnajcherold
,apuakoronaan
,FINNIN1
,castlemead
,MRedsecker
,steveashleyplus
,NatGlendening
,denver_rose
,mhp1604
,CycloneJonesesq
,doctorozono
,jekbradbury
,bringyourvoice
,DinaZied
,Sheila413375
,zlatev101
,sophiemamanMD
,ARIAGuideline
,jaburrou
,NotGeauxGabby
,TrumpWatchNews
,kclarkcollege
,acosta_cynthia
,vips22
,JoseLoera
,KDOgGetPOd
,pathogenomenick
,Miti_Vigliero
,nabookire
,feministwice
,HawkScreams
,erinlanahan
,joylowell
,Camarlenco
,MaiadeLuna2
,Vi_VIorg
,spaceninja
,scotianselkie
,WonderWhereIAm1
,sandrapcampos
,alcinx
,coueslana
,anniebdwy
,ParryPierce
,EktaShahMD
random,Alegeniale
,FreeReturns14
,GbAfrique
,AravalliPost
,DoyleZike
,mikeyangus
,Fabriziobustama
,NewsMobileIndia
,vasana_fai
,digitalfime
,DevarshiJoshi17
,graywolf442
,FOX5Vegas
,WTEN
,newsinvesting
,sanjeevsehgal19
,Worldnews_Media
,samacharnews_in
,WatsupAmericas
,MrMBrown
,isearch247
,MalikObamaBot
,8020es
,edoyakulo
,removalman123
,publish70628725
,HotNewHipHop
,us_cfdot_com
,hindianews
,RushReads
,BluefoxTee
,INDdotNews
,rightman4444
,kae_pescapera
,gistvile
,viriyabot
,RetweetsMumbai
,goRubenRuben
,JOLPOLitico
,EllenaS__
,JIlerioluwa
,BagalueSunab
,ThePerezHilton
,vhcasalis
,EqualityGrandma
,BulutGulcuN
,Relly_95
,Jennanjack
,Gardenmorning13
,SwatiJawadPTI
,RizwanaKousar_
,BeHappyandCivil
,trouseredapes
,birgitlissowsky
,InTheNoosphere
,yay_tunes
,Mrkalman
,nbcbayarea
,sarah052794
,WheezyNC
,ConsulcubaUK
,BitSwings
,DIEBO37RT
,slimchick1900
,PyScaleLLC
,dianerocks52
,CarolWh39009963
,Lucie_Fur99
,Wildwilly1000
,sondravet22
,3pxb12
,mervyn2518
,ScottC20012
,marianneflynn15
,BvS_Azimuth
,FaRah07595123
,Farinances
,SvePan1108
,LaymanPatriotic
,lbloveslife25
,slkpca
,debrob1947
,DrWinarick
,MSMWatchdog2013
,BearOf6
,GloriaCampos
,chadbironga
,KidsNotMarkets
,bubbles4tw
,God61284517
,PSuiteNetwork
,McNallyRoy
,eaparkstweet
,harvestpoti0110
,sahilpa47071837
,spatialsyndave
,annie5133
,MeidasTouch
,john_chu
,ChaplainheArt
,pollyannathibo1
,Chompoo85262824
,UgochukwuOgugu3
,snowdrumbridge
,FilmTVDiversity
,amys_here
,tandem21
,rigbydan
,FloLake
,fin1fan
,lindaws
,phycoinsc
,Talkie86
,carmen_armillas
,lydelisse_t
,griffbos
,PegT
,BatashSakta1
,Eric67043627
,mistyrose54
,Maxip723
,annyarej
,NJdoc
,FotoDg_Vlc
,ImKaBoomBOX
,luvwinsresist
,chickilopiccolo
,skipdykoski
,oo7jb
,cbracken20111
,Nams_Mandiwana
,orangina17
,Hurtadodad
,Hivestylees
,Chaibuz7
,TarynTennant
,KCGreen17
,LynGerry1
,sidd_raii
,Zonk_Black
,dignthestruggle
,Hatim37371088
,AngelaKrebs444
,summergirly7180
,kapj218
,burrosavic
,LisaSimpson24
,debprince
,douglaspeter1
,PictorMary
,pennyparker0523
,silktherapylabs
,KriTims1
,daalchawal96
,IJS03422635
,spcearb
,Donna_Garness
,in_dinx
,Mucatian
,ElkenBill
,BarbaraSakai1
,anabl18
,gr8musicvenues
,DMacOttawa
,NarcAware
,JBA0753
,morganarosana
,LeslieERANOW
,hoovesandpawse
,1015_cookie
,busdrivinmomma1
,JayDeeWriting
,Keds1250878727
,bellafanzy
,dmurugeshan2
,peggydumptrump
,RachelATC
,cstross
,1_version_2_go
,Chestahead
,IAMCAMAR1
,juliewa43117224
,emc_mcdonald
,DebbieSVA
,KBanky1
,RanaDevang5
,kristyshl
,jmb_1985
,violanaigaga
,Olivpit
,pamposh_herPoet
,vanderwel_nancy
,Can_Skeptic_Wm
,Rparksjr85
,bubbly_kyoong
,MariStew8
,Eley01
,DemJennn
,dmightyangel
,adivasudevan
,dezza2542
,CarolLyle4
,maverickcalgary
,carolynsudduth1
,LetyHin
,waweru
,KevinPascoe
,LussoGoinCray
,Harryslaststand
,RuthSrebrenik
,markmobs
,Noble_Jhon
,colormesheesh
,Elbluedaemon
,Alpha_Yom
,shell_loyd
,_leethakhule
,TheDeveloperBot
,srduquette3
,joann_cubberly
,Beethisone
,cruzn101
,reclysm
,Social411Now
,aedaw9i
,LauraDiBella15
,kkmj_
,thatsal49868227
,MaryMarybrogdon
,wonuuueyo
,spider_pravesh
,VeggieRt1984
,SwerteCutie
,Badhombre2018
,debbie_dease
,TheFebrileMuse
,avistwiter
,jbwhitesnake
,menorman
,JoshuaHol
,drjmftspeaks
,MyNameIs_LEO
,Tesscatbird
,KarenSalitis
,Chetank79665132
,blumes15
,marypgkeating
,kenyadad12
,Ranajoypaul15
,MsLensRAMZ
,KENS5
,MiddleEastTon
,staronline
,headlinenepal
,standasidehost
,LorenzoBrauer
,scottregionsco1
,CTVNews
,newsdaily24by7
,Timesof67260302
,neesnews1
,ARTHURGCARTER1
,TopTrendsWatch
,MusicLov3rzMag
,Real_Infinity95
,GreyCrossStudio
,LatestTable
,EazyCadet
,the_hilight
,newsinject
,WLWT
,kiteobrien
,ShopperMeme
,TPM_NEWS
,GJslogans
,OffTheBUSnews
,angelus_0923
,SABreakingNews
,airnewsalerts
,AfterEffectsAE
,money_personal
,ChronLaw
,nemityadav1
,stevanzetti
,aliufastnet
,Home_Quarantine
,NHLSabresNews
,tweetonlondon
,Powerfm987
,Corix_JC
,ebscbwi
,crankyuncle2
,MineilS
,twood3
,educ_sygnus
,CianGaia
,redheadb3
,CapitalquestS
,CarolForden
,RahulMishra210
,UNSTOPPABLE5000
,CuriosityCaty
,umesh97705207
,UK_Daniel_Card
,Charvelman6
,Urban_Walrus
,GRRLmusic
,kanghyekll
,Restfulsleet
,Courtneyhill721
,wynonnasnicole
,nickhasthoughts
,CSojourner
,vigie07
,jmarks2015
,fiona_fionnagal
,tabruns
,JasenV23
,EndGameWW3
,Jkats530
,NastyWoman532
,sar_oso
,EggmanOrWalrus
,Charlie15092165
,pims50
,systemanalysen
,AshrafRa9
,PinkeyLu1
,SyedHashimBukh3
,jacqui703
,Leeblev50045868
,kirby828
,NiteniteMelissa
,RTeachquijote
,abramson1234
,alteredattitude
,SASam1714
,brandonbpug
,osgoodpaekid
,marygribbin809
,rayofciccone
,DistanceLrnBot
,Kevin38528048
,PJACaytonPhD
,ChiofaloOk
,SpiroAgnewGhost
,reinish50
,scattrd_evrywhr
,Kgaurav1410
,tdbboysles
,1st_Julianna
,RickWrightNow
,FullGospel
,lettienets
,iiZub22
,brilliantc2020
,Me_For_Photon
,johnjsms
,sanatniom
,adv_ganjare
,Vaxandrelax
,LauraHennesse11
,Abdul_aziz111
,786MASIDD
,AfzalKhan_INC
,TruthPrevail3
,Munwar_Kaleri
,ElvisAlvarez2
,BhumishSave
,lltwing
,AmesJames77
,Factmissingohhh
,emmaMcDermott9
,doglovingfool
,UnRapporteur1
,clc202000
,YarosisNancy
,Samatha_Mathew
,waterfall8888
,DogsofYulin
,Captain_Phyco
,syyesu
,cbeilinson
,clouwinfrey
,Mamarch10
,LeslieLee327
,DocRods
,WeatherSalem
,ppam_shhh
,Psycho_Ei
,GilZentgraf
,SNOWGOBY
,k_helca
,EllenSpivak
,ABetterYouToda1
,diane_m5
,YongKhor1
,rr9281
,dhirajbhasin2
,kay_mahapa
,KathyJCard
,pjwaces
,JordanNathan18
,vtimasheff
,datoncefromthad
,Celine53429095
,Akash_9858
,thegreatEdem
,MaintainAyomide
,LinaSCC
,PostinorTwo
,Jadelia
,fogmistress698
,DougWedel
,JacbeGeorge
,StarkerSusan
,Smilan317
,JoePranaitis
,theeMINDOFARIEL
,getRapidReplay
,Istandfortheru1
,LuanCav3226770
,gsurya
,virdikuldeep
,ha_zett
,rubbertooooeo
,dreamofgenie3
,lsgwestcoast
,DannyGroner
,resistorgirl2
,xjdslzt
,Bicyclebuilt433
,BrocBrock
,SharonWhitman11
,Flobee32772045
,redcars21
,ShayCormac_1
,Stevo04937960
,i_miss_my_USA
,BlueTsunami20
,lscain3834
,spkmind3
,chilepeppermama
,imgauravnayak91
,polytwonk
,fommy_tp
,CurvyNerdySexy
,tarunkrishna2
,Katheri48033429
,politicswatch15
,dalvajulia
,XinguIarity
,KyraKramer
,ppearnchp
,uncleprober
,Buttercup70
,pensionpat
,RLStromer
,david89293299
,rashash39408140
,EmmyJoe07
,Normanjam671
,BolchozCole
,GregPaulHayes
,Michael73168342
,Armaan42918156
,deBeauxOs1
,Margare37237673
,SwearingenCindi
,ruisaldanha
,Taricky10
,nonbtsDNl
,DaveNestor22
,iujingjjang
,MuktarH085
,awin_xoxo
,Zebrafarm2000
,RanchDressingTN
,CorazonTalosig4
,CoggleMaggie
,KellyCurran20
,snw106
,koburouze845
,its_outta_here
,TheActor_movie
,ginja0
,Kiwikatz1
,IamLucky509
,kbbilly
,tomdrabowicz
,gabrang_julie
,KatGodspell
,krist117
,tarabeach123
,Femme_Mal
,cloudboyebk
,KhogendraRupini
,LigiaMauraCosta
,EdgarAguirre
,Mark738eis